Alert ID,Transaction ID,Account Number,Alert Type,Risk Score,Severity,Status,Created At
ALT20260816175348433,TXN_RING_CA,ACC_RING_C,"New Account Activity, Mule Account Activity",60.0,HIGH,FALSE_POSITIVE,2026-08-16T17:53:48.369293
ALT20260816175348326,TXN_RING_BC,ACC_RING_B,"New Account Activity, Mule Account Activity",60.0,HIGH,OPEN,2026-08-16T17:53:48.268352
ALT20260816175348335,TXN_TRACE_HOP3,ACC1003,"Large Transaction, New Account Activity, Balance Drain, Mule Account Activity",100.0,CRITICAL,OPEN,2026-08-16T17:53:48.149911
ALT20260816175348678,TXN_TRACE_HOP2,ACC1002,"Large Transaction, New Account Activity, Balance Drain, Mule Account Activity",100.0,CRITICAL,OPEN,2026-08-16T17:53:48.003400
ALT20260816175347938,TXN_TRACE_HOP1,ACC1001,"Large Transaction, New Account Activity",50.0,MEDIUM,OPEN,2026-08-16T17:53:47.277042
ALT20260816054125768,,ACC_RING_C,"New Account Activity, Mule Account Activity",60.0,HIGH,OPEN,2026-08-16T05:41:25.816959
ALT20260816054125331,,ACC_RING_B,"New Account Activity, Mule Account Activity",60.0,HIGH,OPEN,2026-08-16T05:41:25.813315
ALT20260816054125694,,ACC1003,"Large Transaction, New Account Activity, Balance Drain, Mule Account Activity",100.0,CRITICAL,OPEN,2026-08-16T05:41:25.170046
ALT20260816054125207,,ACC1002,"Large Transaction, New Account Activity, Balance Drain, Mule Account Activity",100.0,CRITICAL,OPEN,2026-08-16T05:41:25.166654
ALT20260816054125190,,ACC1001,"Large Transaction, New Account Activity",50.0,MEDIUM,OPEN,2026-08-16T05:41:25.162518
ALT20260816051407185,TXN_MULE_OUT_421,ACC59760987,"Large Transaction, New Account Activity, Mule Account Activity",90.0,CRITICAL,FALSE_POSITIVE,2026-08-16T05:14:07.643466
ALT20260816051407126,TXN_DEV_IPHONE_241,ACC74473089,"Large Transaction, New Account Activity, Device Change",65.0,HIGH,OPEN,2026-08-16T05:14:07.427792
ALT20260816051406709,TXN_CRITICAL_2291,ACC50081547,"Very Large Transaction, New Account Activity, Balance Drain",100.0,CRITICAL,OPEN,2026-08-16T05:14:06.989934
ALT20260816051406520,TXN_DRAIN_2385,ACC70103438,"Large Transaction, Balance Drain",70.0,HIGH,OPEN,2026-08-16T05:14:06.768852
ALT20260816051406718,TXN_VERYLARGE_9496,ACC97828025,"Very Large Transaction, New Account Activity",70.0,HIGH,OPEN,2026-08-16T05:14:06.542442
ALT20260816051406734,TXN_LARGE_9918,ACC16314613,"Large Transaction, New Account Activity",50.0,MEDIUM,OPEN,2026-08-16T05:14:06.297197
ALT20260816051149913,TXN_CRITICAL_4975,ACC43907404,"Very Large Transaction, New Account Activity, Balance Drain",100.0,CRITICAL,OPEN,2026-08-16T05:11:49.044352
ALT20260816051148721,TXN_DRAIN_7223,ACC57224534,"Large Transaction, Balance Drain",70.0,HIGH,OPEN,2026-08-16T05:11:48.830284
ALT20260816051148953,TXN_VERYLARGE_9360,ACC92107699,"Very Large Transaction, New Account Activity",70.0,HIGH,OPEN,2026-08-16T05:11:48.598614
ALT20260816051148545,TXN_LARGE_1699,ACC16314613,"Large Transaction, New Account Activity",50.0,MEDIUM,OPEN,2026-08-16T05:11:48.356261
ALT20260815235543_028_59d5,,ACC1003,Rapid Transfers,94.0,CRITICAL,UNDER_REVIEW,2026-08-15T23:55:43.995695
ALT20260815182731_097_b7ea,,ACC36297523,"Impossible Travel, New Account Activity",73.0,HIGH,UNDER_REVIEW,2026-08-15T18:27:31.370295
ALT20260815160630_048_b39c,,ACC20858654,"Rapid Transfers, Balance Drain, New Account Activity",83.0,CRITICAL,UNDER_REVIEW,2026-08-15T16:06:30.388096
ALT20260815095130_061_5377,,ACC92107699,Rapid Transfers,74.0,HIGH,OPEN,2026-08-15T09:51:30.757181
ALT20260815045630_029_8466,,ACC70103438,Large Transaction,73.0,HIGH,OPEN,2026-08-15T04:56:30.565781
ALT20260815032849_013_4ed0,,ACC57029336,New Account Activity,66.0,HIGH,UNDER_REVIEW,2026-08-15T03:28:49.714997
ALT20260814172622_087_ea68,,ACC40593754,Rapid Transfers,90.0,CRITICAL,UNDER_REVIEW,2026-08-14T17:26:22.677025
ALT20260814102124_035_f443,,ACC_RING_A,Device Change,82.0,CRITICAL,UNDER_REVIEW,2026-08-14T10:21:24.000645
ALT20260813093505_106_c4c9,,ACC15373430,"Balance Drain, Impossible Travel",72.0,HIGH,UNDER_REVIEW,2026-08-13T09:35:05.633503
ALT20260813084437_010_dde9,,ACC91181015,Balance Drain,83.0,CRITICAL,UNDER_REVIEW,2026-08-13T08:44:37.095971
ALT20260813041524_119_48fa,,ACC97828025,New Account Activity,88.0,CRITICAL,OPEN,2026-08-13T04:15:24.404081
ALT20260812233300_057_bef8,,ACC91181015,Mule Account Activity,76.0,HIGH,OPEN,2026-08-12T23:33:00.919661
ALT20260812210151_045_73ca,,ACC1004,"Large Transaction, Balance Drain, Very Large Transaction",75.0,HIGH,CLOSED,2026-08-12T21:01:51.069339
ALT20260812135102_049_ac3f,,ACC1004,Mule Account Activity,79.0,HIGH,CLOSED,2026-08-12T13:51:02.031599
ALT20260812065543_016_f65b,,ACC75385116,"New Account Activity, Very Large Transaction",84.0,CRITICAL,CLOSED,2026-08-12T06:55:43.004545
ALT20260812061803_009_f9e5,,ACC25189145,Rapid Transfers,66.0,HIGH,OPEN,2026-08-12T06:18:03.694217
ALT20260812041708_069_1539,,ACC36297523,"Mule Account Activity, Device Change",85.0,CRITICAL,UNDER_REVIEW,2026-08-12T04:17:08.829771
ALT20260811191550_098_e056,,ACC43907404,Balance Drain,86.0,CRITICAL,UNDER_REVIEW,2026-08-11T19:15:50.352027
ALT20260810145643_111_26ba,,ACC10897161,Rapid Transfers,79.0,HIGH,CLOSED,2026-08-10T14:56:43.923939
ALT20260810115907_020_ff98,,ACC75385116,Large Transaction,77.0,HIGH,OPEN,2026-08-10T11:59:07.313418
ALT20260810053942_102_4517,,ACC39727090,Rapid Transfers,92.0,CRITICAL,UNDER_REVIEW,2026-08-10T05:39:42.294232
ALT20260808104410_000_e341,,ACC1001,New Account Activity,93.0,CRITICAL,UNDER_REVIEW,2026-08-08T10:44:10.459345
ALT20260808102515_030_3b2d,,ACC1001,Very Large Transaction,94.0,CRITICAL,OPEN,2026-08-08T10:25:15.631022
ALT20260808064720_074_1358,,ACC1002,"Mule Account Activity, Rapid Transfers",80.0,CRITICAL,UNDER_REVIEW,2026-08-08T06:47:20.529903
ALT20260808020130_024_2469,,ACC_RING_C,Rapid Transfers,65.0,HIGH,CLOSED,2026-08-08T02:01:30.885026
ALT20260808015122_014_d3ea,,ACC74473089,Large Transaction,94.0,CRITICAL,CLOSED,2026-08-08T01:51:22.918445
ALT20260807213743_003_cbce,,ACC20858654,"Very Large Transaction, Impossible Travel, Mule Account Activity",95.0,CRITICAL,UNDER_REVIEW,2026-08-07T21:37:43.006398
ALT20260807202547_001_1ca8,,ACC_RING_A,"Mule Account Activity, Large Transaction, Very Large Transaction",87.0,CRITICAL,OPEN,2026-08-07T20:25:47.090925
ALT20260806214646_005_f777,,ACC61076366,New Account Activity,75.0,HIGH,UNDER_REVIEW,2026-08-06T21:46:46.569412
ALT20260806211444_053_bd7c,,ACC_RING_C,Impossible Travel,68.0,HIGH,CLOSED,2026-08-06T21:14:44.692481
ALT20260806134035_056_3a70,,ACC57029336,Impossible Travel,98.0,CRITICAL,CLOSED,2026-08-06T13:40:35.994028
ALT20260806092130_041_90cd,,ACC16314613,"Rapid Transfers, New Account Activity, Large Transaction",71.0,HIGH,UNDER_REVIEW,2026-08-06T09:21:30.580699
ALT20260805224454_072_1614,,ACC75311120,"Impossible Travel, Rapid Transfers, Balance Drain",87.0,CRITICAL,OPEN,2026-08-05T22:44:54.778968
ALT20260805194907_027_5a9b,,ACC59760987,"Rapid Transfers, Balance Drain",78.0,HIGH,UNDER_REVIEW,2026-08-05T19:49:07.964621
ALT20260805194432_091_01dc,,ACC_RING_A,"Device Change, Rapid Transfers",95.0,CRITICAL,UNDER_REVIEW,2026-08-05T19:44:32.191358
ALT20260805055148_078_264e,,ACC91181015,Balance Drain,97.0,CRITICAL,OPEN,2026-08-05T05:51:48.776812
ALT20260805050335_079_77b0,,ACC57029336,"Very Large Transaction, Device Change, Large Transaction",71.0,HIGH,UNDER_REVIEW,2026-08-05T05:03:35.240168
ALT20260805045936_110_d362,,ACC75311120,"New Account Activity, Rapid Transfers, Mule Account Activity",89.0,CRITICAL,CLOSED,2026-08-05T04:59:36.162423
ALT20260805001738_042_ee87,,ACC15373430,Mule Account Activity,72.0,HIGH,UNDER_REVIEW,2026-08-05T00:17:38.033025
ALT20260804195552_086_a9cc,,ACC66777666,"Mule Account Activity, Balance Drain, Large Transaction",94.0,CRITICAL,CLOSED,2026-08-04T19:55:52.583009
ALT20260804192134_038_1542,,ACC57029336,Impossible Travel,91.0,CRITICAL,UNDER_REVIEW,2026-08-04T19:21:34.627862
ALT20260804040715_015_49ff,,ACC61076366,"Rapid Transfers, Device Change",70.0,HIGH,CLOSED,2026-08-04T04:07:15.252060
ALT20260804011605_070_0393,,ACC70103438,Rapid Transfers,88.0,CRITICAL,CLOSED,2026-08-04T01:16:05.231705
ALT20260803184415_114_6bb4,,ACC70103438,"Device Change, Large Transaction",71.0,HIGH,OPEN,2026-08-03T18:44:15.659355
ALT20260803122926_052_32b3,,ACC70103438,Large Transaction,83.0,CRITICAL,OPEN,2026-08-03T12:29:26.073136
ALT20260803045202_007_ddbb,,ACC82456100,Large Transaction,95.0,CRITICAL,OPEN,2026-08-03T04:52:02.345895
ALT20260803005407_008_da96,,ACC25189145,"New Account Activity, Very Large Transaction",84.0,CRITICAL,UNDER_REVIEW,2026-08-03T00:54:07.580574
ALT20260802102935_006_9a3d,,ACC72717142,"Mule Account Activity, Rapid Transfers",98.0,CRITICAL,OPEN,2026-08-02T10:29:35.250785
ALT20260802074732_109_fbf3,,ACC70103438,"Mule Account Activity, Balance Drain",96.0,CRITICAL,CLOSED,2026-08-02T07:47:32.987587
ALT20260802044208_031_c064,,ACC25189145,"Mule Account Activity, Very Large Transaction, Large Transaction",77.0,HIGH,UNDER_REVIEW,2026-08-02T04:42:08.982524
ALT20260802014229_047_7255,,ACC_RING_B,"Impossible Travel, Balance Drain, Rapid Transfers",89.0,CRITICAL,CLOSED,2026-08-02T01:42:29.346240
ALT20260802004753_017_4bea,,ACC75385116,"New Account Activity, Rapid Transfers, Impossible Travel",69.0,HIGH,UNDER_REVIEW,2026-08-02T00:47:53.383660
ALT20260801111233_084_ca2c,,ACC66777666,"Mule Account Activity, Device Change, Balance Drain",78.0,HIGH,CLOSED,2026-08-01T11:12:33.257442
ALT20260801100011_103_ed49,,ACC92107699,"New Account Activity, Impossible Travel",66.0,HIGH,CLOSED,2026-08-01T10:00:11.865664
ALT20260801090027_040_8e9b,,ACC64246741,"New Account Activity, Large Transaction, Balance Drain",92.0,CRITICAL,CLOSED,2026-08-01T09:00:27.398290
ALT20260801061833_092_8738,,ACC65809811,"Very Large Transaction, Rapid Transfers",73.0,HIGH,UNDER_REVIEW,2026-08-01T06:18:33.373820
ALT20260731184402_021_ad25,,ACC64246741,"Impossible Travel, Balance Drain, Rapid Transfers",86.0,CRITICAL,OPEN,2026-07-31T18:44:02.928032
ALT20260731142844_037_b963,,ACC1004,"Impossible Travel, Mule Account Activity",73.0,HIGH,CLOSED,2026-07-31T14:28:44.460312
ALT20260731081025_066_a464,,ACC43249524,"Impossible Travel, Rapid Transfers",69.0,HIGH,OPEN,2026-07-31T08:10:25.263017
ALT20260731074724_108_2d7d,,ACC65809811,"New Account Activity, Impossible Travel, Very Large Transaction",87.0,CRITICAL,OPEN,2026-07-31T07:47:24.179836
ALT20260731012552_117_1a83,,ACC40593754,"Large Transaction, Balance Drain",67.0,HIGH,OPEN,2026-07-31T01:25:52.507230
ALT20260729184758_094_7e44,,ACC57029336,"Rapid Transfers, New Account Activity",79.0,HIGH,CLOSED,2026-07-29T18:47:58.164923
ALT20260729060450_011_95cc,,ACC91181015,"Rapid Transfers, Mule Account Activity, New Account Activity",87.0,CRITICAL,UNDER_REVIEW,2026-07-29T06:04:50.386934
ALT20260729042123_063_64c1,,ACC1004,"Device Change, New Account Activity, Impossible Travel",81.0,CRITICAL,OPEN,2026-07-29T04:21:23.640800
ALT20260728140703_004_93a5,,ACC16314613,"Mule Account Activity, Large Transaction, Very Large Transaction",87.0,CRITICAL,OPEN,2026-07-28T14:07:03.466633
ALT20260728133508_077_b62b,,ACC10897161,Very Large Transaction,66.0,HIGH,CLOSED,2026-07-28T13:35:08.619935
ALT20260728102855_062_bd20,,ACC50081547,"Mule Account Activity, Impossible Travel, Large Transaction",78.0,HIGH,CLOSED,2026-07-28T10:28:55.184054
ALT20260727225056_060_80dc,,ACC16314613,"Very Large Transaction, Mule Account Activity, New Account Activity",82.0,CRITICAL,OPEN,2026-07-27T22:50:56.162926
ALT20260727182736_067_49b1,,ACC_RING_B,Balance Drain,68.0,HIGH,UNDER_REVIEW,2026-07-27T18:27:36.390136
ALT20260727111050_101_96a7,,ACC25189145,"Impossible Travel, Balance Drain, Very Large Transaction",86.0,CRITICAL,CLOSED,2026-07-27T11:10:50.998364
ALT20260727110706_099_05a8,,ACC40593754,Balance Drain,87.0,CRITICAL,OPEN,2026-07-27T11:07:06.680447
ALT20260726230032_054_4584,,ACC75385116,"Device Change, Mule Account Activity, Impossible Travel",88.0,CRITICAL,CLOSED,2026-07-26T23:00:32.940511
ALT20260726170102_107_f3bc,,ACC36297523,"Impossible Travel, Device Change",87.0,CRITICAL,CLOSED,2026-07-26T17:01:02.696023
ALT20260726161233_019_5213,,ACC92107699,"Rapid Transfers, Balance Drain, Very Large Transaction",79.0,HIGH,OPEN,2026-07-26T16:12:33.058996
ALT20260726032303_055_e1cc,,ACC43467724,Balance Drain,69.0,HIGH,OPEN,2026-07-26T03:23:03.507759
ALT20260726015601_104_4266,,ACC1004,"New Account Activity, Mule Account Activity, Large Transaction",66.0,HIGH,UNDER_REVIEW,2026-07-26T01:56:01.222251
ALT20260725175815_034_fca7,,ACC15211290,Rapid Transfers,98.0,CRITICAL,UNDER_REVIEW,2026-07-25T17:58:15.114390
ALT20260725164207_082_1f1d,,ACC1004,"Rapid Transfers, Large Transaction, Device Change",97.0,CRITICAL,OPEN,2026-07-25T16:42:07.016554
ALT20260725162402_068_0bfa,,ACC15373430,Very Large Transaction,80.0,CRITICAL,OPEN,2026-07-25T16:24:02.795185
ALT20260725082636_039_d819,,ACC57224534,"Device Change, Very Large Transaction",83.0,CRITICAL,OPEN,2026-07-25T08:26:36.181639
ALT20260725051542_002_4d59,,ACC1001,"New Account Activity, Impossible Travel, Large Transaction",80.0,CRITICAL,UNDER_REVIEW,2026-07-25T05:15:42.724729
ALT20260724214702_116_8026,,ACC25189145,"Balance Drain, Impossible Travel",83.0,CRITICAL,UNDER_REVIEW,2026-07-24T21:47:02.153519
ALT20260724200225_044_6bbe,,ACC_RING_B,"Impossible Travel, Very Large Transaction, Rapid Transfers",91.0,CRITICAL,OPEN,2026-07-24T20:02:25.249715
ALT20260724142524_093_4d2d,,ACC_RING_B,Mule Account Activity,89.0,CRITICAL,CLOSED,2026-07-24T14:25:24.519325
ALT20260724012524_076_c07d,,ACC43907404,"Impossible Travel, Mule Account Activity, Device Change",84.0,CRITICAL,OPEN,2026-07-24T01:25:24.619501
ALT20260723164334_050_f8cd,,ACC57029336,New Account Activity,74.0,HIGH,CLOSED,2026-07-23T16:43:34.962489
ALT20260723034854_026_a7ce,,ACC91181015,Large Transaction,92.0,CRITICAL,UNDER_REVIEW,2026-07-23T03:48:54.188361
ALT20260722204400_113_64fa,,ACC72717142,Device Change,95.0,CRITICAL,UNDER_REVIEW,2026-07-22T20:44:00.406317
ALT20260722122013_096_fd28,,ACC72717142,"Mule Account Activity, Very Large Transaction",96.0,CRITICAL,UNDER_REVIEW,2026-07-22T12:20:13.391694
ALT20260721234013_105_5b6c,,ACC59760987,"Large Transaction, Rapid Transfers",69.0,HIGH,UNDER_REVIEW,2026-07-21T23:40:13.952137
ALT20260721131055_071_b211,,ACC1002,"Rapid Transfers, New Account Activity, Impossible Travel",70.0,HIGH,UNDER_REVIEW,2026-07-21T13:10:55.776949
ALT20260721111202_059_b13f,,ACC10897161,Impossible Travel,94.0,CRITICAL,CLOSED,2026-07-21T11:12:02.304943
ALT20260721103258_075_5492,,ACC40593754,"Rapid Transfers, Mule Account Activity",76.0,HIGH,UNDER_REVIEW,2026-07-21T10:32:58.472242
ALT20260721005505_073_7905,,ACC43249524,"New Account Activity, Device Change, Balance Drain",87.0,CRITICAL,CLOSED,2026-07-21T00:55:05.903305
ALT20260720110916_085_8a16,,ACC1001,Rapid Transfers,98.0,CRITICAL,CLOSED,2026-07-20T11:09:16.209454
ALT20260719173051_095_2392,,ACC16314613,"Very Large Transaction, Device Change",88.0,CRITICAL,OPEN,2026-07-19T17:30:51.436009
ALT20260719142028_046_e82e,,ACC1002,"New Account Activity, Device Change, Rapid Transfers",68.0,HIGH,CLOSED,2026-07-19T14:20:28.373245
ALT20260719021853_090_beaa,,ACC43467724,"Mule Account Activity, New Account Activity",97.0,CRITICAL,OPEN,2026-07-19T02:18:53.991524
ALT20260718122032_065_6a46,,ACC86445636,Large Transaction,76.0,HIGH,UNDER_REVIEW,2026-07-18T12:20:32.045037
ALT20260718043856_088_b616,,ACC1003,Balance Drain,92.0,CRITICAL,CLOSED,2026-07-18T04:38:56.564266
ALT20260717231228_115_5015,,ACC43907404,"Impossible Travel, New Account Activity",67.0,HIGH,CLOSED,2026-07-17T23:12:28.480856
ALT20260717142202_118_c806,,ACC70103438,Impossible Travel,92.0,CRITICAL,UNDER_REVIEW,2026-07-17T14:22:02.641655
ALT20260717061629_083_42a7,,ACC57224534,"Large Transaction, Device Change, Very Large Transaction",82.0,CRITICAL,OPEN,2026-07-17T06:16:29.841273
ALT20260717043850_100_42d8,,ACC57224534,"Balance Drain, Large Transaction",88.0,CRITICAL,UNDER_REVIEW,2026-07-17T04:38:50.734300
ALT20260716235258_023_ad64,,ACC11706152,"Impossible Travel, Rapid Transfers",70.0,HIGH,UNDER_REVIEW,2026-07-16T23:52:58.812464
ALT20260716141400_025_70eb,,ACC75385116,"New Account Activity, Very Large Transaction, Balance Drain",91.0,CRITICAL,OPEN,2026-07-16T14:14:00.453996
ALT20260716095749_022_5695,,ACC43249524,Rapid Transfers,76.0,HIGH,UNDER_REVIEW,2026-07-16T09:57:49.249719
ALT20260716061456_032_16ce,,ACC_RING_B,"Device Change, Balance Drain",92.0,CRITICAL,CLOSED,2026-07-16T06:14:56.541797
ALT20260715223650_051_5874,,ACC97828025,"Device Change, Rapid Transfers, Large Transaction",74.0,HIGH,OPEN,2026-07-15T22:36:50.832080
ALT20260715133137_033_c8d4,,ACC65809811,Mule Account Activity,89.0,CRITICAL,CLOSED,2026-07-15T13:31:37.306109
ALT20260715045056_018_4b33,,ACC43249524,Mule Account Activity,76.0,HIGH,OPEN,2026-07-15T04:50:56.439859
ALT20260715015242_064_99e7,,ACC61076366,Mule Account Activity,91.0,CRITICAL,UNDER_REVIEW,2026-07-15T01:52:42.878149
ALT20260714052029_036_378d,,ACC61076366,"Large Transaction, Device Change",90.0,CRITICAL,UNDER_REVIEW,2026-07-14T05:20:29.598770
ALT20260713224951_012_3e4b,,ACC39727090,"Large Transaction, Very Large Transaction, New Account Activity",87.0,CRITICAL,UNDER_REVIEW,2026-07-13T22:49:51.985118
ALT20260713115531_080_90e4,,ACC16314613,"Very Large Transaction, Impossible Travel, Device Change",95.0,CRITICAL,UNDER_REVIEW,2026-07-13T11:55:31.740183
ALT20260713004451_058_a581,,ACC15373430,"Impossible Travel, Balance Drain, Large Transaction",91.0,CRITICAL,CLOSED,2026-07-13T00:44:51.013144
ALT20260712231240_043_413a,,ACC82456100,"Impossible Travel, Balance Drain, New Account Activity",77.0,HIGH,CLOSED,2026-07-12T23:12:40.337991
ALT20260712191111_089_f499,,ACC39727090,Balance Drain,94.0,CRITICAL,OPEN,2026-07-12T19:11:11.195760
ALT20260712172332_112_0bea,,ACC86445636,"Impossible Travel, Device Change",88.0,CRITICAL,CLOSED,2026-07-12T17:23:32.489514
ALT20260712153853_081_930b,,ACC59760987,"Balance Drain, Large Transaction, Rapid Transfers",93.0,CRITICAL,CLOSED,2026-07-12T15:38:53.297820
